county_fips,asian_stop_percentage,asian_stops,black_stop_percentage,black_stops,hispanic_stop_percentage,hispanic_stops,other_stop_percentage,other_stops,white_stop_percentage,white_stops,total_population,white,black,asian,hispanic,other,white_percentage,black_percentage,hispanic_percentage,asian_percentage,other_percentage,white_difference,black_difference,hispanic_difference,asian_difference,other_difference
17031,0.03506913587526481,16653.0,0.4245443939502424,201600.0,0.15760368275414752,74840.0,0.0025754850882993376,1223.0,0.3802073023320459,180546.0,5227575,2241001,1232816,355071,1342849,15842,0.42868844540728734,0.235829423776799,0.25687799792446786,0.0679226983830935,0.003030468238141012,-0.04848114307524143,0.1887149701734434,-0.09927431517032034,-0.03285356250782869,-0.0004549831498416742
